Field1, Field2, Field2.5, Field3, Field4, Field5, Field6, Field7, Field8, Field9
X, P, Y1, 3, 2, 4, 2016-03-03 12:43:32, 480-366-1684, "Wiley, Eden J.", ipsum@in.com
L, W, P5, 4, 1, 3, 2016-03-02 04:48:09, 341-821-0373, "Terry, Mara W.", egestas.lacinia.Sed@sitamet.ca
C, I, T2, 3, 3, 3, 2016-03-06 22:36:37, 178-695-8881, "Leach, Shelley K.", ridiculus.mus.Aenean@eleifend.edu
K, V, P7, 3, 2, 2, 2016-03-02 03:58:26, 701-665-1987, "Campbell, Asher I.", vitae.aliquet.nec@nonlorem.ca
J, D, X3, 3, 4, 5, 2016-03-03 04:42:14, 313-790-0666, "Ferrell, Uma P.", porttitor.tellus@idnunc.ca
O, X, P9, 5, 5, 5, 2016-03-06 18:14:46, 956-309-6615, "Mitchell, Melinda G.", ornare@VivamusnisiMauris.co.uk
D, E, I4, 2, 4, 3, 2016-03-05 05:55:48, 714-711-5867, "Gross, Xavier X.", mauris.blandit@enim.com
J, K, J6, 3, 2, 4, 2016-03-06 03:14:52, 486-501-9437, "Schneider, Charde X.", volutpat.ornare.facilisis@scelerisque.net
Q, G, I4, 4, 1, 1, 2016-03-05 16:59:35, 557-755-7220, "Witt, Kuame Q.", nonummy@neque.ca
D, F, J7, 1, 5, 2, 2016-03-02 22:45:55, 900-110-0970, "Garcia, Gay A.", orci@tortordictum.net
Z, M, T1, 4, 1, 2, 2016-03-06 00:01:49, 854-962-7913, "Maddox, Jin A.", ultricies.ligula@Craseget.com
T, U, J5, 3, 4, 2, 2016-03-03 12:03:19, 478-934-7143, "Weeks, Caleb N.", nec.urna.et@sitamet.edu
M, X, Y9, 4, 2, 4, 2016-03-04 17:29:37, 561-965-1155, "Nolan, Imogene N.", luctus.felis@Fuscedolorquam.edu
G, A, C3, 1, 1, 2, 2016-03-03 04:50:21, 486-422-0286, "Hyde, Leslie Y.", felis@neque.com
I, W, Q2, 4, 3, 3, 2016-03-06 08:02:14, 441-408-0818, "Acevedo, Mechelle H.", sit@blanditcongueIn.net
R, W, O5, 2, 3, 3, 2016-03-03 14:50:21, 858-503-6974, "Mueller, Kaye X.", mollis.Phasellus@diam.edu
T, U, V6, 3, 4, 1, 2016-03-06 14:20:22, 826-578-8347, "Armstrong, Iona Y.", Suspendisse.sed.dolor@etarcuimperdiet.org
G, H, Y6, 5, 3, 1, 2016-03-01 05:30:01, 577-202-3603, "Whitney, Akeem H.", Vivamus.non@mattisvelit.edu
Z, X, S7, 2, 4, 5, 2016-03-03 07:06:26, 243-429-9326, "Camacho, Dean E.", libero.et@libero.edu
F, G, S6, 2, 1, 2, 2016-03-03 11:13:39, 358-424-7970, "Torres, Merritt R.", purus.gravida@mollis.net
J, H, V0, 5, 2, 3, 2016-03-06 10:34:27, 489-342-5319, "Bond, Shelby I.", vitae@necquamCurabitur.net
Y, Y, A4, 2, 5, 4, 2016-03-06 10:20:06, 560-145-3840, "Greene, Vivian I.", ac@porttitorerosnec.com
Y, X, R9, 2, 3, 5, 2016-03-01 12:55:15, 261-961-3663, "Ross, Alexandra Y.", felis@convallisligulaDonec.org
D, R, B7, 3, 1, 5, 2016-03-04 05:36:17, 590-440-6054, "Calderon, Quin F.", egestas.blandit@eu.org
X, Y, V1, 1, 1, 1, 2016-03-04 16:09:50, 505-236-9887, "Mcdonald, Rooney Y.", ipsum@enimnon.edu
G, K, Z5, 2, 2, 3, 2016-03-05 08:58:14, 771-198-1251, "Sandoval, Seth J.", tellus.justo@Quisque.edu
N, K, F7, 1, 1, 1, 2016-03-01 10:16:49, 322-853-1818, "Osborn, Nyssa U.", mus.Proin@urna.ca
X, A, U7, 3, 4, 3, 2016-03-06 16:39:23, 842-774-8980, "Keith, Joelle M.", Aenean.sed@utodiovel.co.uk
I, W, M5, 1, 5, 5, 2016-03-03 18:56:48, 357-632-8551, "Contreras, Deanna X.", ut.molestie.in@felisegetvarius.org
E, D, F4, 2, 1, 5, 2016-03-03 12:27:42, 965-176-8923, "Hopkins, Courtney T.", adipiscing@enimcondimentumeget.ca
Y, B, F6, 3, 3, 5, 2016-03-02 11:07:31, 564-488-7734, "Greer, Cameron Z.", senectus@velit.ca
P, C, D7, 1, 3, 2, 2016-03-04 10:16:11, 738-165-9608, "Weaver, Shaine E.", elit.Curabitur.sed@ligula.ca
C, Y, Y5, 1, 2, 1, 2016-03-06 03:23:28, 204-577-5771, "Clements, Whitney Y.", dolor@Crasegetnisi.net
M, O, S0, 2, 5, 2, 2016-03-02 09:12:03, 126-559-6019, "Kennedy, Colby A.", non.dapibus.rutrum@anunc.net
O, M, T5, 4, 4, 5, 2016-03-04 22:25:32, 148-105-9684, "Mendez, Harding M.", tempor@laoreet.com
G, U, L2, 4, 1, 3, 2016-03-03 11:01:09, 800-202-8368, "Madden, Bruno N.", sapien.Cras.dolor@facilisisvitaeorci.net
L, O, Y8, 1, 3, 1, 2016-03-01 07:12:18, 945-640-6339, "Tyson, Debra C.", ipsum.Curabitur@in.edu
Q, X, O9, 5, 3, 4, 2016-03-04 00:12:10, 920-551-8164, "Eaton, Aladdin X.", elit.Etiam@nuncQuisqueornare.com
G, T, V1, 5, 1, 3, 2016-03-05 00:05:45, 866-615-7038, "Crawford, Germane F.", ac@necdiam.org
Z, U, U8, 2, 5, 3, 2016-03-05 08:44:34, 966-337-4527, "Mclean, Skyler Y.", Cras.lorem.lorem@Nunclaoreet.ca
Q, M, U1, 1, 3, 1, 2016-03-01 23:59:47, 166-731-3353, "Vazquez, Emi R.", a.dui.Cras@massa.org
P, C, K8, 5, 1, 4, 2016-03-03 12:11:36, 874-637-3279, "Ward, Dawn D.", sem.egestas.blandit@faucibusorciluctus.co.uk
R, C, K7, 1, 1, 4, 2016-03-04 21:56:25, 882-180-9381, "Chapman, Vladimir C.", Lorem@dui.ca
D, G, Z9, 1, 2, 4, 2016-03-06 01:02:53, 655-430-3209, "Kline, Bert Z.", lacus.Cras@posuere.org
T, O, Q8, 1, 3, 4, 2016-03-06 06:55:13, 367-164-4743, "Wilder, Wynne T.", et.netus@Crassed.org
A, O, J3, 4, 2, 3, 2016-03-02 14:51:01, 770-154-1585, "Foster, Ryan L.", in.magna@disparturient.net
N, B, X9, 2, 4, 4, 2016-03-02 23:31:37, 525-964-4831, "Kelly, Hayden P.", mollis@mauris.co.uk
D, I, R9, 2, 3, 2, 2016-03-01 01:55:01, 596-748-3930, "Williams, Kameko N.", convallis.convallis@molestiedapibusligula.co.uk
Z, B, M6, 1, 4, 5, 2016-03-05 00:26:11, 295-433-8424, "Fuentes, Dominique D.", aliquet.odio.Etiam@fames.co.uk
B, H, D1, 2, 2, 1, 2016-03-04 07:56:12, 149-140-0822, "Kaufman, Noble R.", aliquet@dui.ca
B, R, W3, 5, 3, 2, 2016-03-01 12:24:30, 577-323-5855, "Mendez, Colleen S.", magna@acturpisegestas.net
B, D, O3, 1, 1, 5, 2016-03-06 20:21:34, 960-320-0161, "Hendricks, Shaine Y.", Phasellus.vitae@laoreetliberoet.ca
L, Q, K4, 2, 1, 1, 2016-03-04 00:12:25, 978-350-5347, "Carson, Uma R.", lorem@nequeMorbiquis.co.uk
Q, K, N8, 2, 5, 4, 2016-03-01 23:41:57, 955-173-8140, "Lowe, Zachary W.", dui.semper.et@egettincidunt.co.uk
L, Y, Q8, 3, 2, 2, 2016-03-03 12:06:59, 210-827-0250, "Rice, Wing E.", tincidunt.vehicula@sedsapien.co.uk
Q, N, Y3, 5, 4, 4, 2016-03-03 07:40:55, 605-598-2605, "Knapp, Myles A.", a.purus@non.org
U, Q, Y2, 3, 5, 5, 2016-03-06 02:47:28, 339-346-0877, "Conrad, Nasim D.", magna.tellus.faucibus@semper.co.uk
S, V, O8, 1, 5, 1, 2016-03-01 15:16:16, 771-632-1206, "Blankenship, Noelani D.", id.erat.Etiam@fringilla.com
U, B, F3, 3, 1, 2, 2016-03-04 22:42:06, 600-760-6114, "Ferguson, Zia I.", Morbi.non.sapien@porttitor.co.uk
P, Z, H4, 5, 1, 5, 2016-03-04 01:52:55, 538-978-6874, "Benjamin, Randall U.", Donec@Nulla.co.uk
G, E, B8, 3, 5, 3, 2016-03-06 07:32:24, 182-744-1095, "Rose, Bell W.", leo.Vivamus@Integer.org
H, K, O6, 4, 5, 3, 2016-03-04 05:01:43, 536-228-3802, "Todd, Hayden P.", leo.Vivamus@tortoratrisus.org
Q, O, R7, 1, 3, 1, 2016-03-06 23:05:13, 924-651-6179, "Hess, Drew W.", ac.libero.nec@ornare.com
C, X, V2, 5, 3, 1, 2016-03-05 03:35:24, 675-588-1887, "Dawson, Lynn R.", Quisque.ornare.tortor@nequeInornare.net
T, W, C1, 3, 5, 2, 2016-03-03 06:45:16, 120-776-3287, "Gardner, Mariko F.", fringilla.mi.lacinia@auctorquis.ca
T, N, B9, 3, 3, 3, 2016-03-01 11:23:13, 402-622-8741, "Sweeney, Emerald Q.", Aliquam@sapien.ca
M, Y, O9, 2, 2, 4, 2016-03-04 14:10:50, 648-410-8046, "Short, Hasad V.", velit@lacus.edu
A, J, I9, 1, 3, 5, 2016-03-06 02:22:10, 702-576-5931, "Hendrix, Austin C.", sollicitudin@tellus.co.uk
G, M, I8, 1, 4, 4, 2016-03-03 01:47:54, 604-602-2137, "Garrett, Mechelle J.", mus@interdumlibero.org
S, T, U8, 1, 5, 2, 2016-03-04 15:23:14, 810-993-5098, "Watkins, Miriam S.", massa.Suspendisse.eleifend@orciquislectus.org
W, Y, W2, 5, 5, 3, 2016-03-02 22:05:05, 348-966-8183, "Riggs, Adara V.", non.enim.commodo@duiCum.edu
T, B, M8, 2, 1, 2, 2016-03-05 16:28:25, 232-874-4528, "Whitehead, Demetrius X.", lobortis.Class.aptent@lobortisnisinibh.com
W, S, V9, 2, 4, 5, 2016-03-04 12:20:51, 735-802-6637, "Roberts, Paula X.", elementum.dui@Integertinciduntaliquam.co.uk
L, X, R3, 2, 5, 2, 2016-03-05 19:31:23, 349-723-4695, "Meadows, Tamara E.", pretium.aliquet@euligula.net
A, W, C1, 5, 1, 4, 2016-03-02 19:42:45, 633-711-6544, "Everett, Leah I.", sagittis.semper@nisia.net
O, A, W8, 4, 3, 5, 2016-03-04 01:07:36, 816-826-3630, "Palmer, Deanna A.", vitae.mauris@nec.com
B, Q, E3, 1, 4, 3, 2016-03-05 12:50:53, 567-209-2759, "Whitley, Dale R.", consequat@lacinia.com
K, G, T1, 3, 1, 4, 2016-03-06 11:48:53, 932-983-3124, "Acosta, Sybil Q.", consequat.lectus@maurisid.com
Y, R, G7, 2, 1, 4, 2016-03-03 20:59:33, 709-143-0224, "Zimmerman, Suki H.", augue.eu.tempor@odio.org
W, T, R2, 3, 1, 3, 2016-03-06 21:15:40, 532-518-5283, "England, Laura Q.", faucibus@pellentesqueeget.org
K, D, F9, 1, 2, 1, 2016-03-02 15:19:21, 662-839-6405, "Cook, Richard D.", malesuada.fames@libero.com
R, R, F8, 1, 4, 5, 2016-03-04 12:56:30, 145-666-8768, "Garcia, Fletcher F.", Proin.ultrices.Duis@Duisdignissimtempor.ca
Y, V, A0, 4, 3, 4, 2016-03-01 10:27:49, 434-964-3374, "Parsons, Ella Z.", arcu@enimcondimentumeget.com
H, K, D1, 2, 5, 1, 2016-03-05 22:38:26, 809-307-7634, "Suarez, Hyatt F.", Donec@interdumSed.edu
A, C, S3, 2, 1, 4, 2016-03-01 14:38:46, 329-896-6791, "Lara, Elton E.", nascetur.ridiculus@Cumsociisnatoque.ca
N, H, O2, 4, 3, 1, 2016-03-04 19:57:57, 254-707-4134, "Knapp, Abbot S.", ipsum@Aeneanegetmagna.edu
Y, J, G3, 5, 3, 3, 2016-03-06 07:44:59, 273-726-6981, "Bradley, Mara I.", dui.quis@Suspendisse.co.uk
A, H, C1, 5, 4, 5, 2016-03-05 18:16:40, 411-473-0980, "Nash, Martena H.", pharetra@Integer.co.uk
K, D, V8, 1, 3, 1, 2016-03-06 10:53:13, 480-408-4333, "Pitts, Unity V.", non.enim@nunc.com
J, X, O8, 4, 4, 5, 2016-03-01 07:09:46, 579-502-8092, "Bennett, Odysseus V.", nonummy.ipsum@euismodacfermentum.ca
O, D, A9, 5, 1, 1, 2016-03-05 15:19:02, 589-669-2097, "Beach, Clare O.", pede@varius.ca
B, O, D2, 2, 2, 4, 2016-03-06 08:53:24, 410-892-3752, "Burton, Fiona T.", dignissim.tempor.arcu@luctusetultrices.edu
O, Z, P0, 4, 1, 1, 2016-03-04 13:11:26, 888-683-8232, "Salas, David H.", elit@arcuMorbi.ca
U, H, X2, 4, 4, 3, 2016-03-05 10:25:56, 890-752-8666, "Spears, Rhona U.", lectus.Cum.sociis@Aliquamauctor.org
E, U, P4, 2, 2, 1, 2016-03-06 14:40:32, 158-828-8733, "Macdonald, Simone L.", tincidunt.orci.quis@enimnonnisi.edu
L, B, F5, 5, 3, 3, 2016-03-03 00:55:06, 793-598-2991, "Sanders, Anika W.", porttitor@condimentumDonec.org
R, Z, Q5, 4, 1, 1, 2016-03-06 18:47:03, 899-152-0579, "Gillespie, Chase P.", risus@cursuseteros.co.uk
P, S, N6, 3, 4, 1, 2016-03-02 18:15:59, 826-846-9013, "Bonner, Bernard G.", scelerisque.sed.sapien@odiosempercursus.net
X, L, I0, 4, 2, 3, 2016-03-06 23:56:06, 619-248-5170, "Dejesus, Quincy L.", consectetuer.rhoncus@magnaLoremipsum.edu
U, W, Q4, 5, 3, 1, 2016-03-05 08:27:30, 342-616-0370, "Lang, Holmes N.", sociis.natoque@nonenimMauris.co.uk